{
    "normals": [0.308969,-0.009064,0.951018,0.999939,-0.009064,0,0.520768,0.853664,0,0.160924,0.853664,0.495285,-0.808985,-0.009064,0.587756,-0.421308,0.853664,0.306101,-0.808985,-0.009064,-0.587756,-0.421308,0.853664,-0.306101,0.308969,-0.009064,-0.951018,0.160924,0.853664,-0.495285,0,1,0,0,-1,0],
    "name": "Diamond_MeshGeometry",
    "faces": [41,1,5,10,6,0,1,2,3,0,1,2,3,41,2,1,6,7,4,0,3,5,4,0,3,5,41,3,2,7,8,6,4,5,7,6,4,5,7,41,4,3,8,9,8,6,7,9,8,6,7,9,41,5,4,9,10,1,8,9,2,1,8,9,2,40,6,10,11,10,11,12,3,2,10,40,7,6,11,13,10,12,5,3,10,40,8,7,11,14,13,12,7,5,10,40,9,8,11,15,14,12,9,7,10,40,10,9,11,11,15,12,2,9,10,40,0,5,1,16,17,18,11,1,0,40,0,1,2,16,18,19,11,0,4,40,0,2,3,16,19,20,11,4,6,40,0,3,4,16,20,21,11,6,8,40,0,4,5,16,21,17,11,8,1],
    "uvs": [[0.015034,0.814371,0.101003,0.543371,0.152048,0.612686,0.104293,0.784523,0.250984,0.985762,0.246224,0.894544,0.4824,0.812518,0.393856,0.791239,0.382621,0.543371,0.334675,0.618579,0.43139,0.480759,0.696754,0.287956,0.696754,0.566979,0.532752,0.792711,0.860757,0.792711,0.962118,0.480759,0.283819,0.243922,0.28382,0.516175,0.024892,0.32805,0.123795,0.023664,0.443844,0.023664,0.542747,0.32805]],
    "vertices": [1e-06,-1.1138,0,0.447341,0.404454,1.3768,-1.17118,0.404454,0.8509,-1.17118,0.404454,-0.8509,0.447341,0.404454,-1.3768,1.44766,0.404454,-0,0.339937,0.785682,1.04623,-0.889983,0.785682,0.646603,-0.889983,0.785682,-0.646603,0.339937,0.785682,-1.04623,1.10009,0.785682,-0,0,0.789698,-0],
    "metadata": {
        "normals": 12,
        "version": 3,
        "generator": "io_three",
        "uvs": 1,
        "vertices": 12,
        "faces": 15,
        "type": "Geometry"
    }
}