{
    "normals": [-0.662618,-0.34904,0.662618,-0.662618,-0.34904,-0.662618,0.662618,-0.34904,-0.662618,0.662618,-0.34904,0.662618,0,1,0],
    "name": "Pyramid_MeshGeometry",
    "faces": [41,0,2,4,3,0,1,2,3,0,1,2,3,40,1,2,0,4,5,6,4,1,0,40,1,4,2,4,7,5,4,2,1,40,1,3,4,4,8,7,4,3,2,40,1,0,3,4,6,8,4,0,3],
    "uvs": [[0.609588,0.395472,0.609588,0.035678,0.969383,0.035678,0.969383,0.395472,0.299607,0.299607,0.025795,0.573419,0.025795,0.025796,0.573419,0.573419,0.573419,0.025795]],
    "vertices": [-1,0.005576,1,0,2.00558,-0,-1,0.005576,-1,1,0.005576,1,1,0.005576,-1],
    "metadata": {
        "normals": 5,
        "version": 3,
        "generator": "io_three",
        "uvs": 1,
        "vertices": 5,
        "faces": 5,
        "type": "Geometry"
    }
}